City_ID,City,Lat,Lng,Max Temp,Humidity,Cloudiness,Wind Speed,Country,Date
0,Barrow,71.2906,-156.7887,-20.18,69,0,6.91,US,2022-02-02 17:22:47
1,Manono,-7.3,27.4167,71.01,96,100,3.06,CD,2022-02-02 17:22:54
2,Punta Arenas,-53.15,-70.9167,53.71,66,75,10.36,CL,2022-02-02 17:22:55
3,Beringovskiy,63.05,179.3167,-2.2,84,43,19.33,RU,2022-02-02 17:22:55
4,Yellowknife,62.456,-114.3525,-35.72,78,40,6.91,CA,2022-02-02 17:19:10
5,Busselton,-33.65,115.3333,68.04,52,99,20.89,AU,2022-02-02 17:20:12
6,Vaini,-21.2,-175.2,73.56,100,40,1.14,TO,2022-02-02 17:22:56
7,Kapaa,22.0752,-159.319,67.12,83,100,1.01,US,2022-02-02 17:22:46
8,Grindavik,63.8424,-22.4338,30.15,63,40,11.5,IS,2022-02-02 17:22:57
9,Khatanga,71.9667,102.5,-38.51,98,50,1.52,RU,2022-02-02 17:22:57
10,Evensk,61.95,159.2333,19.49,50,90,21.07,RU,2022-02-02 17:22:58
11,Binucayan,8.25,125.7167,70.93,99,100,1.3,PH,2022-02-02 17:22:59
12,Nanortalik,60.1432,-45.2371,6.49,76,6,15.39,GL,2022-02-02 17:22:59
13,Ushuaia,-54.8,-68.3,47.82,65,75,20.71,AR,2022-02-02 17:19:55
14,Kichera,55.9375,110.0997,-12.53,87,30,4.7,RU,2022-02-02 17:23:00
15,Mar Del Plata,-38.0023,-57.5575,87.82,50,0,11.99,AR,2022-02-02 17:21:46
16,Cape Town,-33.9258,18.4232,70.09,89,75,1.01,ZA,2022-02-02 17:19:02
17,Waingapu,-9.6567,120.2641,78.53,84,39,8.66,ID,2022-02-02 17:23:01
18,Ribeira Grande,38.5167,-28.7,63.0,67,40,12.66,PT,2022-02-02 17:23:02
19,Along,28.1667,94.7667,50.04,86,50,1.36,IN,2022-02-02 17:23:02
20,Albany,42.6001,-73.9662,41.85,73,98,5.01,US,2022-02-02 17:18:17
21,Bredasdorp,-34.5322,20.0403,74.52,64,24,14.97,ZA,2022-02-02 17:23:03
22,Lavrentiya,65.5833,-171.0,-1.98,77,1,17.36,RU,2022-02-02 17:23:04
23,Tiksi,71.6872,128.8694,-7.1,100,100,6.35,RU,2022-02-02 17:19:21
24,Wanaka,-44.7,169.15,65.1,92,100,4.25,NZ,2022-02-02 17:23:04
25,Mataura,-46.1927,168.8643,56.48,98,100,5.79,NZ,2022-02-02 17:23:05
26,Iguai,-14.7564,-40.0892,88.16,51,32,4.56,BR,2022-02-02 17:23:05
27,Shahr-E Babak,30.1165,55.1186,42.67,45,0,3.04,IR,2022-02-02 17:23:06
28,Bathsheba,13.2167,-59.5167,84.81,65,40,16.11,BB,2022-02-02 17:23:06
29,Hay River,60.8156,-115.7999,-20.22,76,20,3.44,CA,2022-02-02 17:23:07
30,Lehututu,-23.9667,21.8667,80.29,53,71,10.54,BW,2022-02-02 17:23:08
31,Coolum Beach,-26.5333,153.1,77.11,98,100,1.01,AU,2022-02-02 17:23:08
32,Puerto Ayora,-0.7393,-90.3518,82.36,73,49,8.63,EC,2022-02-02 17:20:30
33,Port Lincoln,-34.7333,135.8667,62.11,73,83,10.33,AU,2022-02-02 17:22:52
34,Hilo,19.7297,-155.09,67.24,79,75,6.91,US,2022-02-02 17:22:42
35,Hithadhoo,-0.6,73.0833,82.54,70,51,9.13,MV,2022-02-02 17:23:09
36,Jamestown,42.097,-79.2353,42.39,48,20,12.66,US,2022-02-02 17:23:10
37,Kedrovyy,56.1667,91.8167,-8.14,98,69,3.6,RU,2022-02-02 17:23:10
38,Umm Lajj,25.0213,37.2685,70.84,45,0,3.38,SA,2022-02-02 17:23:11
39,Upernavik,72.7868,-56.1549,-5.53,65,100,5.93,GL,2022-02-02 17:23:12
40,New Norfolk,-42.7826,147.0587,53.1,65,59,3.0,AU,2022-02-02 17:23:12
41,Saskylakh,71.9167,114.0833,-28.88,100,33,2.89,RU,2022-02-02 17:22:27
42,Fort Nelson,58.8053,-122.7002,-22.41,76,100,2.3,CA,2022-02-02 17:23:13
43,Balkhash,46.844,74.9804,11.48,82,91,10.45,KZ,2022-02-02 17:23:14
44,Clyde,41.3042,-82.9752,41.38,92,100,11.16,US,2022-02-02 17:24:14
45,Rikitea,-23.1203,-134.9692,77.29,75,57,6.35,PF,2022-02-02 17:23:11
46,Karratha,-20.7377,116.8463,82.02,75,100,13.38,AU,2022-02-02 17:24:15
47,Bull Savanna,17.8868,-77.5902,80.55,58,0,11.34,JM,2022-02-02 17:24:16
48,Swan River,52.1058,-101.2676,-20.31,63,27,12.66,CA,2022-02-02 17:24:16
49,Butaritari,3.0707,172.7902,80.85,82,93,17.74,KI,2022-02-02 17:24:17
50,Sao Filipe,14.8961,-24.4956,74.52,72,0,15.75,CV,2022-02-02 17:24:17
51,Ponta Do Sol,32.6667,-17.1,68.0,80,100,5.97,PT,2022-02-02 17:24:18
52,Tatawin,32.9297,10.4518,59.88,47,72,15.75,TN,2022-02-02 17:24:18
53,Sorland,67.667,12.6934,28.26,56,100,15.41,NO,2022-02-02 17:24:19
54,Saint George,37.1041,-113.5841,39.67,28,75,4.0,US,2022-02-02 17:22:54
55,Georgetown,5.4112,100.3354,82.33,87,20,2.3,MY,2022-02-02 17:19:43
56,Tornio,65.8481,24.1466,8.62,95,100,5.99,FI,2022-02-02 17:24:20
57,Lima,-12.0432,-77.0282,77.4,83,0,1.99,PE,2022-02-02 17:22:42
58,Blagnac,43.6328,1.394,48.45,86,100,4.61,FR,2022-02-02 17:24:21
59,Alamosa,37.4695,-105.87,15.78,86,100,8.05,US,2022-02-02 17:24:21
60,Arkhara,49.4212,130.0842,-24.27,100,63,3.31,RU,2022-02-02 17:24:22
61,Stornoway,58.2093,-6.3865,48.16,94,75,3.0,GB,2022-02-02 17:24:22
62,Saint-Philippe,-21.3585,55.7679,80.19,93,100,31.14,RE,2022-02-02 17:19:49
63,Isla Mujeres,21.2311,-86.731,84.25,78,1,15.21,MX,2022-02-02 17:24:23
64,Biarritz,43.4801,-1.5556,56.21,76,0,5.75,FR,2022-02-02 17:24:24
65,Severo-Kurilsk,50.6789,156.125,26.85,88,96,7.2,RU,2022-02-02 17:24:24
66,Qovlar,40.948,45.735,49.05,46,41,4.97,AZ,2022-02-02 17:24:24
67,Atuona,-9.8,-139.0333,78.1,78,64,17.36,PF,2022-02-02 17:21:41
68,Talnakh,69.4865,88.3972,-0.8,98,96,6.49,RU,2022-02-02 17:20:00
69,Inhambane,-23.865,35.3833,82.38,78,20,9.22,MZ,2022-02-02 17:24:25
70,Sisimiut,66.9395,-53.6735,0.39,80,95,17.18,GL,2022-02-02 17:24:26
71,Nelson Bay,-32.7167,152.15,68.11,89,100,1.99,AU,2022-02-02 17:24:26
72,Arraial Do Cabo,-22.9661,-42.0278,85.96,74,20,14.97,BR,2022-02-02 17:22:51
73,Fairbanks,64.8378,-147.7164,-34.64,98,0,0.0,US,2022-02-02 17:20:03
74,Mahajanga,-15.7167,46.3167,82.42,78,20,10.36,MG,2022-02-02 17:24:27
75,Kodiak,57.79,-152.4072,35.11,93,100,4.61,US,2022-02-02 17:24:28
76,Gambela,8.25,34.5833,89.08,24,100,3.02,ET,2022-02-02 17:24:28
77,Ahipara,-35.1667,173.1667,66.51,92,100,9.98,NZ,2022-02-02 17:24:29
78,Pisco,-13.7,-76.2167,75.25,64,0,9.22,PE,2022-02-02 17:22:49
79,Kavieng,-2.5744,150.7967,78.96,85,100,13.24,PG,2022-02-02 17:23:11
80,Carnarvon,-24.8667,113.6333,80.67,74,85,5.75,AU,2022-02-02 17:24:30
81,Norman Wells,65.282,-126.8329,-34.56,61,75,2.3,CA,2022-02-02 17:24:30
82,Vila Velha,-20.3297,-40.2925,82.35,81,75,8.05,BR,2022-02-02 17:24:31
83,Xining,36.6167,101.7667,14.0,65,41,2.26,CN,2022-02-02 17:24:31
84,Dikson,73.5069,80.5464,-7.28,99,98,11.74,RU,2022-02-02 17:24:32
85,Gamba,-2.65,10.0,79.83,79,42,6.26,GA,2022-02-02 17:24:32
86,Hermanus,-34.4187,19.2345,68.81,77,14,20.22,ZA,2022-02-02 17:21:48
87,Pastavy,55.1168,26.8326,27.5,97,100,6.49,BY,2022-02-02 17:24:33
88,Chuy,-33.6971,-53.4616,84.2,47,1,10.78,UY,2022-02-02 17:24:33
89,Iqaluit,63.7506,-68.5145,6.53,84,40,17.0,CA,2022-02-02 17:25:34
90,Komsomolskiy,40.4272,71.7189,35.02,75,100,2.3,UZ,2022-02-02 17:25:34
91,Bluff,-46.6,168.3333,56.8,83,100,17.78,NZ,2022-02-02 17:25:35
92,Ati,13.2154,18.3353,74.21,12,8,10.11,TD,2022-02-02 17:25:35
93,Henties Bay,-22.116,14.2845,72.86,76,15,8.66,NA,2022-02-02 17:25:36
94,Nuuk,64.1835,-51.7216,9.21,52,75,11.5,GL,2022-02-02 17:25:36
95,Tasiilaq,65.6145,-37.6368,15.96,77,100,9.19,GL,2022-02-02 17:25:37
96,Hasaki,35.7333,140.8333,27.0,37,2,2.91,JP,2022-02-02 17:25:37
97,Qaanaaq,77.484,-69.3632,-23.4,65,30,8.61,GL,2022-02-02 17:25:38
98,Las Vegas,36.175,-115.1372,45.28,21,0,21.85,US,2022-02-02 17:25:39
99,Lakes Entrance,-37.8811,147.981,55.58,77,83,9.19,AU,2022-02-02 17:25:39
100,Ilulissat,69.2167,-51.1,3.22,85,75,21.85,GL,2022-02-02 17:23:54
101,Kiama,-34.6833,150.8667,64.38,77,100,5.01,AU,2022-02-02 17:25:40
102,Kishi,9.0833,3.85,90.95,9,99,3.15,NG,2022-02-02 17:25:40
103,Nikolskoye,59.7035,30.7861,22.89,100,96,1.34,RU,2022-02-02 17:25:17
104,Faanui,-16.4833,-151.75,80.56,76,21,19.62,PF,2022-02-02 17:22:30
105,Baherden,38.4362,57.4316,50.45,36,0,7.4,TM,2022-02-02 17:25:41
106,Tahoua,14.8888,5.2692,82.38,5,1,11.5,NE,2022-02-02 17:25:42
107,Champerico,14.3,-91.9167,88.34,60,0,6.93,GT,2022-02-02 17:22:52
108,Antigonish,45.6169,-61.9986,32.27,72,70,8.99,CA,2022-02-02 17:25:43
109,Putina,-15.4667,-69.4333,48.36,68,91,2.39,PE,2022-02-02 17:25:43
110,Avarua,-21.2078,-159.775,78.85,89,75,14.97,CK,2022-02-02 17:21:02
111,Wexford,52.3342,-6.4575,52.12,86,100,7.87,IE,2022-02-02 17:23:07
112,Vardo,70.3705,31.1107,44.8,80,75,13.8,NO,2022-02-02 17:25:44
113,Torbay,47.6666,-52.7314,29.75,79,75,9.22,CA,2022-02-02 17:25:45
114,Hobart,-42.8794,147.3294,53.46,75,100,8.05,AU,2022-02-02 17:25:45
115,Castro,-24.7911,-50.0119,77.76,63,75,4.56,BR,2022-02-02 17:20:52
116,Aitape,-3.1374,142.3475,77.72,82,100,2.28,PG,2022-02-02 17:25:46
117,Sweetwater,25.7634,-80.3731,78.82,62,20,3.0,US,2022-02-02 17:25:47
118,Guerrero Negro,27.9769,-114.0611,59.97,64,89,11.52,MX,2022-02-02 17:25:47
119,Sosenskiy,54.059,35.9623,19.11,97,98,5.14,RU,2022-02-02 17:25:48
120,Grand-Santi,4.25,-54.3833,80.31,84,75,4.81,GF,2022-02-02 17:25:48
121,Tuktoyaktuk,69.4541,-133.0374,-25.6,68,20,10.36,CA,2022-02-02 17:21:36
122,San Rafael,-34.6177,-68.3301,77.41,52,92,9.48,AR,2022-02-02 17:25:49
123,Provideniya,64.3833,-173.3,5.27,65,0,23.24,RU,2022-02-02 17:25:28
124,Arlit,18.7369,7.3853,75.49,10,1,8.57,NE,2022-02-02 17:25:50
125,Jardim,-21.4803,-56.1381,86.7,54,100,2.86,BR,2022-02-02 17:25:50
126,Agadez,19.75,10.25,66.04,15,0,10.04,NE,2022-02-02 17:25:51
127,Ancud,-41.8697,-73.8203,74.43,71,98,6.62,CL,2022-02-02 17:21:47
128,Airai,-8.9266,125.4092,60.49,88,72,2.15,TL,2022-02-02 17:23:59
129,Victoria,22.2855,114.1577,60.94,94,100,4.0,HK,2022-02-02 17:25:51
130,Cherskiy,68.75,161.3,-8.55,64,36,2.01,RU,2022-02-02 17:25:52
131,Cananea,30.95,-110.3,48.74,43,79,14.14,MX,2022-02-02 17:25:53
132,Oistins,13.0667,-59.5333,84.29,65,40,16.11,BB,2022-02-02 17:23:47
133,Pilar,-9.5972,-35.9567,89.53,45,24,14.25,BR,2022-02-02 17:25:53
134,Saint-Pierre,-21.3393,55.4781,80.28,89,100,39.12,RE,2022-02-02 17:26:54
135,Kollam,8.8833,76.6,84.07,80,3,2.71,IN,2022-02-02 17:26:55
136,Auki,-8.7676,160.7034,78.35,86,100,6.15,SB,2022-02-02 17:26:55
137,Gorontalo,0.5412,123.0595,73.56,88,100,3.53,ID,2022-02-02 17:26:56
138,Santa Isabel,-23.3156,-46.2214,80.37,83,98,2.28,BR,2022-02-02 17:24:25
139,Stephenville Crossing,48.5,-58.4318,25.21,58,75,9.22,CA,2022-02-02 17:26:57
140,Ewa Beach,21.3156,-158.0072,73.69,82,0,4.0,US,2022-02-02 17:26:57
141,Cabo San Lucas,22.8909,-109.9124,76.6,40,75,12.66,MX,2022-02-02 17:24:16
142,Petropavlovsk-Kamchatskiy,53.0452,158.6483,25.39,100,75,2.24,RU,2022-02-02 17:24:13
143,Doha,25.2867,51.5333,64.38,59,0,12.66,QA,2022-02-02 17:22:49
144,Iberia,29.9502,-91.7507,70.05,94,100,6.91,US,2022-02-02 17:26:58
145,San Patricio,28.017,-97.5169,77.09,71,82,12.75,US,2022-02-02 17:25:21
146,Ouargaye,11.5033,0.0572,87.96,4,45,9.31,BF,2022-02-02 17:26:59
147,Havre-Saint-Pierre,50.2334,-63.5986,24.8,74,100,17.27,CA,2022-02-02 17:26:59
148,Lagoa,39.05,-27.9833,58.5,72,1,12.84,PT,2022-02-02 17:27:00
149,Cap Malheureux,-19.9842,57.6142,81.46,78,100,18.01,MU,2022-02-02 17:27:00
150,Sakakah,29.9697,40.2064,58.57,33,26,12.44,SA,2022-02-02 17:27:01
151,Filingue,14.3521,3.3168,82.94,7,2,8.05,NE,2022-02-02 17:27:01
152,Springbok,-29.6643,17.8865,67.98,69,22,14.5,ZA,2022-02-02 17:27:02
153,Tonekabon,36.8163,50.8738,46.35,55,0,4.74,IR,2022-02-02 17:27:02
154,Berdigestyakh,62.0989,126.6992,-14.1,97,100,5.17,RU,2022-02-02 17:27:03
155,Cabra,37.4725,-4.4421,71.04,40,0,3.09,ES,2022-02-02 17:27:03
156,Bilimora,20.7672,72.9693,67.91,61,8,6.06,IN,2022-02-02 17:27:04
157,Road Town,18.4167,-64.6167,82.44,69,40,10.36,VG,2022-02-02 17:23:26
158,Salym,60.0625,71.4789,22.24,94,100,11.25,RU,2022-02-02 17:27:05
159,Poya,-21.35,165.15,74.73,86,68,2.55,NC,2022-02-02 17:27:05
160,Poum,-20.2333,164.0167,79.29,76,1,12.24,NC,2022-02-02 17:27:06
161,Hamilton,39.1834,-84.5333,44.98,93,100,3.0,US,2022-02-02 17:23:31
162,Saint-Joseph,-21.3667,55.6167,79.18,90,100,31.23,RE,2022-02-02 17:22:34
163,Pangnirtung,66.1451,-65.7125,5.0,72,100,17.27,CA,2022-02-02 17:27:07
164,Flinders,-34.5833,150.8552,64.18,78,100,15.99,AU,2022-02-02 17:27:07
165,Djambala,-2.5447,14.7533,72.63,81,76,4.29,CG,2022-02-02 17:27:08
166,Bethel,41.3712,-73.414,44.55,84,100,5.75,US,2022-02-02 17:27:08
167,Jumla,29.2747,82.1838,38.12,93,93,2.06,NP,2022-02-02 17:26:00
168,Dzhebariki-Khaya,62.2167,135.8,-39.17,100,59,0.85,RU,2022-02-02 17:27:09
169,Gien,47.6933,2.6309,47.43,81,97,6.22,FR,2022-02-02 17:27:09
170,Pozo Colorado,-23.4923,-58.7972,103.23,23,20,7.11,PY,2022-02-02 17:27:10
171,Thompson,55.7435,-97.8558,-20.04,63,0,10.36,CA,2022-02-02 17:25:05
172,Coquimbo,-29.9533,-71.3436,69.53,64,0,13.8,CL,2022-02-02 17:27:11
173,Baykit,61.67,96.37,-0.47,100,100,0.96,RU,2022-02-02 17:22:26
174,Yertsevo,60.7966,40.086,12.9,99,98,2.98,RU,2022-02-02 17:27:11
175,Souillac,-20.5167,57.5167,81.36,94,75,34.52,MU,2022-02-02 17:24:00
176,Kota,25.1833,75.8333,68.7,37,0,8.97,IN,2022-02-02 17:27:12
177,Mamallapuram,12.6264,80.1722,79.05,64,5,8.63,IN,2022-02-02 17:27:13
178,Chumikan,54.7183,135.315,-10.1,86,39,12.46,RU,2022-02-02 17:27:13
179,Half Moon Bay,37.4636,-122.4286,57.18,36,0,5.99,US,2022-02-02 17:27:14
180,Chekhov,55.1431,37.4711,24.75,98,99,5.03,RU,2022-02-02 17:27:14
181,Caravelas,-17.7125,-39.2481,83.66,64,84,8.25,BR,2022-02-02 17:28:15
182,Kisangani,0.5167,25.2,77.32,61,100,2.35,CD,2022-02-02 17:28:15
183,Waipawa,-41.4122,175.5153,66.83,72,99,11.92,NZ,2022-02-02 17:28:16
184,Sarny,51.338,26.6019,33.4,98,100,10.33,UA,2022-02-02 17:28:16
185,Port Alfred,-33.5906,26.891,79.32,79,95,8.59,ZA,2022-02-02 17:28:17
186,Dali,25.7,100.1833,37.45,88,19,4.81,CN,2022-02-02 17:28:17
187,Luderitz,-26.6481,15.1594,68.07,79,13,6.02,NA,2022-02-02 17:28:18
188,Jiazi,22.8779,116.067,58.01,90,100,13.87,CN,2022-02-02 17:28:18
189,Vila Do Maio,15.1333,-23.2167,81.39,81,4,20.29,CV,2022-02-02 17:28:19
190,Brzesko,49.9691,20.6061,36.84,93,100,4.0,PL,2022-02-02 17:28:19
191,Barillas,15.8036,-91.3158,77.34,43,0,4.52,GT,2022-02-02 17:28:20
192,Fortuna,40.5982,-124.1573,47.93,69,0,9.22,US,2022-02-02 17:27:22
193,Botwood,49.1499,-55.3482,26.08,60,55,11.12,CA,2022-02-02 17:28:21
194,Hami,42.8,93.45,22.68,31,39,1.48,CN,2022-02-02 17:28:21
195,Port-Gentil,-0.7193,8.7815,78.76,89,75,8.05,GA,2022-02-02 17:28:22
196,Salalah,17.0151,54.0924,77.09,44,0,2.3,OM,2022-02-02 17:24:49
197,Adrar,20.5022,-10.0711,82.96,13,91,17.6,MR,2022-02-02 17:25:02
198,Ixtapa,20.7,-105.2,80.55,27,0,3.67,MX,2022-02-02 17:28:23
199,Meulaboh,4.1363,96.1285,78.51,79,99,3.22,ID,2022-02-02 17:24:08
200,Kruisfontein,-34.0033,24.7314,72.88,91,100,5.23,ZA,2022-02-02 17:28:24
201,Kaitangata,-46.2817,169.8464,59.23,97,100,8.77,NZ,2022-02-02 17:28:24
202,Kuching,1.55,110.3333,79.02,89,20,3.44,MY,2022-02-02 17:28:25
203,Goderich,43.7501,-81.7165,32.32,93,100,10.36,CA,2022-02-02 17:28:25
204,Helong,42.5397,128.9972,4.28,84,18,6.06,CN,2022-02-02 17:28:26
205,Dalvik,65.9702,-18.5286,24.73,81,100,4.79,IS,2022-02-02 17:28:27
206,Suarez,2.954,-76.6964,83.44,70,71,2.24,CO,2022-02-02 17:28:27
207,High Rock,26.6208,-78.2833,75.22,56,18,17.63,BS,2022-02-02 17:28:28
208,Makaha,21.4694,-158.2175,73.65,69,34,4.88,US,2022-02-02 17:28:28
209,Garowe,8.4054,48.4845,77.31,48,15,20.42,SO,2022-02-02 17:28:28
210,Sambava,-14.2667,50.1667,78.87,77,98,6.51,MG,2022-02-02 17:28:29
211,Roald,62.5833,6.1333,34.0,80,75,11.5,NO,2022-02-02 17:28:29
212,East London,-33.0153,27.9116,83.34,78,20,3.44,ZA,2022-02-02 17:24:15
213,Codrington,-38.2667,141.9667,58.5,62,99,12.19,AU,2022-02-02 17:25:36
214,Mount Isa,-20.7333,139.5,80.37,74,100,5.75,AU,2022-02-02 17:25:07
215,Businga,3.3333,20.8833,81.45,31,23,3.15,CD,2022-02-02 17:28:31
216,Yulara,-25.2406,130.9889,66.04,72,100,10.36,AU,2022-02-02 17:28:31
217,Richards Bay,-28.783,32.0377,79.09,77,23,15.88,ZA,2022-02-02 17:28:32
218,Kailua,21.4022,-157.7394,73.74,85,20,4.61,US,2022-02-02 17:28:32
219,Broken Hill,-31.95,141.4333,60.51,51,0,17.27,AU,2022-02-02 17:28:33
220,Mehamn,71.0357,27.8492,23.18,92,40,9.22,NO,2022-02-02 17:28:33
221,Kurumkan,54.3,110.3,-17.68,93,69,4.03,RU,2022-02-02 17:28:34
222,Miyako,39.6367,141.9525,30.06,57,16,4.94,JP,2022-02-02 17:28:34
223,Barisal,22.7019,90.3711,67.24,80,11,3.76,BD,2022-02-02 17:28:35
224,Lashio,22.9333,97.75,46.76,80,0,2.13,MM,2022-02-02 17:29:35
225,Troitskoye,52.9821,84.6757,4.77,98,100,0.65,RU,2022-02-02 17:29:36
226,Constitucion,-35.3333,-72.4167,67.51,64,3,8.23,CL,2022-02-02 17:29:23
227,Botou,38.0667,116.5667,27.84,40,1,3.74,CN,2022-02-02 17:29:37
228,Ihiala,5.8538,6.8603,94.82,23,1,4.32,NG,2022-02-02 17:29:37
229,Chiredzi,-21.05,31.6667,84.96,39,5,3.78,ZW,2022-02-02 17:29:38
230,Rietavas,55.7194,21.9311,23.61,93,77,6.71,LT,2022-02-02 17:29:38
231,Hualmay,-11.0964,-77.6139,76.15,69,3,12.39,PE,2022-02-02 17:27:34
232,Mujiayingzi,42.1167,118.7833,5.41,78,0,5.21,CN,2022-02-02 17:29:39
233,Lodja,-3.4833,23.4333,72.97,85,98,2.1,CD,2022-02-02 17:29:39
234,Boa Vista,2.8197,-60.6733,93.18,36,40,16.11,BR,2022-02-02 17:29:40
235,Tsabong,-26.0217,22.401,85.77,41,88,12.8,BW,2022-02-02 17:29:40
236,Vila,42.0304,-8.1588,53.74,56,4,2.86,PT,2022-02-02 17:29:41
237,Mahebourg,-20.4081,57.7,81.25,94,75,34.52,MU,2022-02-02 17:29:41
238,Lincoln,40.8,-96.667,17.29,52,0,5.99,US,2022-02-02 17:29:35
239,Lebu,-37.6167,-73.65,65.79,74,35,8.72,CL,2022-02-02 17:26:14
240,Qaqortoq,60.7167,-46.0333,7.3,66,2,4.03,GL,2022-02-02 17:29:42
241,Bani Walid,31.7566,13.9942,51.01,65,68,20.33,LY,2022-02-02 17:29:43
242,Russell,32.3502,-85.1999,65.48,61,75,8.05,US,2022-02-02 17:29:43
243,Jinxiang,27.4327,120.6062,46.89,89,100,9.89,CN,2022-02-02 17:29:44
244,Kalmunai,7.4167,81.8167,75.79,73,6,5.03,LK,2022-02-02 17:29:44
245,Makakilo City,21.3469,-158.0858,71.92,82,0,6.91,US,2022-02-02 17:25:33
246,Port Elizabeth,-33.918,25.5701,75.09,100,40,18.41,ZA,2022-02-02 17:29:45
247,Cantagallo,7.376,-73.9196,90.18,46,4,1.68,CO,2022-02-02 17:29:45
248,Aklavik,68.2191,-135.0107,-25.6,75,20,4.61,CA,2022-02-02 17:29:46
249,Devils Lake,48.1128,-98.8651,-13.02,77,20,11.99,US,2022-02-02 17:29:46
250,Turayf,31.6725,38.6637,53.85,43,0,23.02,SA,2022-02-02 17:29:47
251,Gobabis,-22.45,18.9667,66.54,77,99,6.58,NA,2022-02-02 17:29:47
252,Usinsk,65.9939,57.5281,15.57,96,100,9.26,RU,2022-02-02 17:29:48
253,Nishihara,26.1842,127.7558,69.08,94,75,3.44,JP,2022-02-02 17:29:48
254,Leshukonskoye,64.8989,45.7622,11.73,98,99,2.8,RU,2022-02-02 17:29:49
255,Acapulco,16.8634,-99.8901,82.22,61,75,5.75,MX,2022-02-02 17:27:29
256,Atkarsk,51.8718,45.0078,34.34,98,100,9.82,RU,2022-02-02 17:29:50
257,Shangrao,28.4532,117.9686,34.93,100,100,1.3,CN,2022-02-02 17:29:50
258,Paptalaya,15.5,-84.3167,82.44,57,6,6.06,HN,2022-02-02 17:29:51
259,Udachnyy,66.4167,112.4,-31.85,100,71,2.73,RU,2022-02-02 17:29:51
260,Chisindia,46.2833,22.1,32.99,99,100,4.45,RO,2022-02-02 17:29:52
261,Nerja,36.7585,-3.8873,75.38,51,0,2.19,ES,2022-02-02 17:29:52
262,Zachary,30.6485,-91.1565,72.73,91,40,5.75,US,2022-02-02 17:29:53
263,Urucara,-2.5364,-57.76,81.59,85,81,4.54,BR,2022-02-02 17:29:53
264,Taoudenni,22.6783,-3.9836,77.65,11,1,17.29,ML,2022-02-02 17:29:54
265,Bouca,6.5105,18.2733,83.82,17,11,2.64,CF,2022-02-02 17:29:54
266,Chara,56.9064,118.2631,-23.22,84,42,1.21,RU,2022-02-02 17:29:55
267,Astoria,46.1879,-123.8313,41.56,95,100,0.0,US,2022-02-02 17:26:07
268,Porto Walter,-8.2686,-72.7439,92.25,38,84,2.19,BR,2022-02-02 17:29:56
269,Longyearbyen,78.2186,15.6401,19.24,68,20,13.8,SJ,2022-02-02 17:29:56
270,Safranbolu,41.2508,32.6942,40.12,96,100,4.5,TR,2022-02-02 17:29:57
271,Katherine,-14.4667,132.2667,77.32,94,98,4.61,AU,2022-02-02 17:29:57
272,Villa Maria,-32.4075,-63.2402,96.21,27,93,14.29,AR,2022-02-02 17:29:57
273,Albanel,48.8832,-72.4487,33.94,74,100,12.66,CA,2022-02-02 17:30:58
274,Palembang,-2.9167,104.7458,78.89,89,20,3.44,ID,2022-02-02 17:30:58
275,Sao Gabriel Da Cachoeira,-0.1303,-67.0892,85.8,74,40,3.44,BR,2022-02-02 17:30:59
276,Srednekolymsk,67.45,153.6833,-19.3,95,93,3.74,RU,2022-02-02 17:30:59
277,Lompoc,34.6391,-120.4579,60.39,36,0,6.91,US,2022-02-02 17:31:00
278,Nantucket,41.2835,-70.0995,45.01,93,100,9.22,US,2022-02-02 17:26:19
279,Pevek,69.7008,170.3133,-8.86,79,10,3.94,RU,2022-02-02 17:31:01
280,Hobyo,5.3505,48.5268,77.79,77,19,18.57,SO,2022-02-02 17:31:01
281,Prince Rupert,54.3161,-130.3201,40.69,93,100,11.5,CA,2022-02-02 17:28:24
282,Tabou,4.423,-7.3528,81.95,73,78,9.51,CI,2022-02-02 17:31:02
283,Weston,26.1004,-80.3998,78.82,61,40,4.0,US,2022-02-02 17:28:13
284,Parabel,58.6978,81.4825,12.9,94,92,7.72,RU,2022-02-02 17:31:03
285,Clyde River,70.4692,-68.5914,-19.97,69,100,4.61,CA,2022-02-02 17:31:04
286,Ushtobe,45.2514,77.9838,15.3,90,79,5.03,KZ,2022-02-02 17:31:05
287,Abha,18.2164,42.5053,60.62,72,0,6.91,SA,2022-02-02 17:31:06
288,Hovd,48.0056,91.6419,-6.81,96,91,2.3,MN,2022-02-02 17:31:06
289,Nouadhibou,20.931,-17.0347,80.58,36,3,13.8,MR,2022-02-02 17:31:07
290,Sungaipenuh,-2.0833,101.3833,64.87,96,96,2.82,ID,2022-02-02 17:31:07
291,Beaufort,5.3473,115.7455,78.96,92,74,3.33,MY,2022-02-02 17:31:08
292,Odweyne,9.4092,45.064,68.77,63,98,14.52,SO,2022-02-02 17:31:09
293,Kortkeros,61.8106,51.5806,26.6,93,100,7.52,RU,2022-02-02 17:31:09
294,Shwebo,22.5667,95.7,60.48,48,0,5.41,MM,2022-02-02 17:31:10
295,Cherdyn,60.403,56.4787,23.27,94,99,7.81,RU,2022-02-02 17:31:10
296,Huntsville,34.7304,-86.5861,54.28,84,100,5.01,US,2022-02-02 17:31:11
297,Sipkovica,42.035,20.9156,27.36,89,41,6.17,MK,2022-02-02 17:31:12
298,Villazon,-22.0866,-65.5942,61.05,45,60,8.5,BO,2022-02-02 17:31:13
299,Coihueco,-36.6167,-71.8333,79.54,34,0,8.05,CL,2022-02-02 17:31:13
300,Jiwani,25.05,61.7417,73.31,43,0,15.08,PK,2022-02-02 17:31:14
301,Apaseo El Alto,20.45,-100.6167,69.82,36,0,5.66,MX,2022-02-02 17:26:47
302,Laguna,38.421,-121.4238,55.09,42,0,8.01,US,2022-02-02 17:31:14
303,Hereford,52.0568,-2.7148,51.4,82,95,5.66,GB,2022-02-02 17:31:15
304,Chokurdakh,70.6333,147.9167,-18.9,99,65,6.78,RU,2022-02-02 17:31:16
305,Moree,-29.4667,149.85,71.62,94,75,9.22,AU,2022-02-02 17:31:16
306,Baruun-Urt,46.6806,113.2792,-10.23,91,46,3.8,MN,2022-02-02 17:31:17
307,Rawson,-43.3002,-65.1023,79.05,29,99,13.35,AR,2022-02-02 17:27:28
308,Jinchang,38.4953,102.1739,20.82,35,38,3.89,CN,2022-02-02 17:31:18
309,Bonavista,48.6499,-53.1147,30.11,72,61,9.8,CA,2022-02-02 17:31:18
310,Gasa,31.5,34.4667,58.17,60,100,7.63,PS,2022-02-02 17:31:19
311,Buchanan,5.8808,-10.0467,85.96,70,24,10.8,LR,2022-02-02 17:31:19
312,Braco Do Norte,-28.275,-49.1656,93.56,50,7,8.84,BR,2022-02-02 17:31:20
313,Santiago De Cuba,20.0247,-75.8219,84.31,58,40,5.75,CU,2022-02-02 17:31:21
314,Palmira,3.5394,-76.3036,84.79,51,40,4.61,CO,2022-02-02 17:31:21
315,Los Algarrobos,8.5,-82.4333,84.61,54,20,4.61,PA,2022-02-02 17:31:22
316,Santo Tomas,14.1079,121.1414,77.32,86,96,6.44,PH,2022-02-02 17:31:22
317,Arman,59.7,150.1667,6.01,82,92,10.56,RU,2022-02-02 17:31:23
318,Tucurui,-3.7661,-49.6725,85.77,67,74,3.15,BR,2022-02-02 17:31:24
319,Darhan,49.4867,105.9228,-5.53,93,93,4.99,MN,2022-02-02 17:31:24
320,Kropotkin,45.4375,40.5756,38.19,86,100,6.06,RU,2022-02-02 17:34:44
321,Christchurch,-43.5333,172.6333,79.0,63,100,1.01,NZ,2022-02-02 17:32:36
322,Tura,25.5198,90.2201,56.25,61,2,4.21,IN,2022-02-02 17:34:45
323,Kajaani,64.2273,27.7285,-3.95,84,0,3.44,FI,2022-02-02 17:34:45
324,Mitzic,0.7821,11.549,72.03,85,95,3.96,GA,2022-02-02 17:34:46
325,Sao Joao Da Barra,-21.6403,-41.0511,84.29,88,100,4.81,BR,2022-02-02 17:33:17
326,Necochea,-38.5473,-58.7368,90.48,37,75,12.66,AR,2022-02-02 17:34:47
327,Shostka,51.863,33.4698,25.57,96,100,10.56,UA,2022-02-02 17:34:47
328,Morrope,-6.5417,-80.0111,78.91,47,3,18.86,PE,2022-02-02 17:34:48
329,Butembo,0.15,29.2833,63.32,74,99,2.89,CD,2022-02-02 17:34:48
330,Eldoret,0.5204,35.2699,62.69,77,75,3.44,KE,2022-02-02 17:34:49
331,Togur,58.3631,82.8265,5.38,98,93,5.91,RU,2022-02-02 17:34:49
332,Egvekinot,66.3167,-179.1667,-7.74,79,11,18.72,RU,2022-02-02 17:34:50
333,Mata,40.683,-7.4592,48.76,73,5,1.83,PT,2022-02-02 17:34:50
334,Ayagoz,47.9714,80.4392,0.72,79,100,9.46,KZ,2022-02-02 17:34:51
335,Murgab,37.4966,61.9714,46.27,61,11,0.0,TM,2022-02-02 17:34:51
336,Mitsamiouli,-11.3847,43.2844,80.89,83,20,3.44,KM,2022-02-02 17:34:52
337,Salme,28.0369,85.0942,41.29,76,87,3.47,NP,2022-02-02 17:34:53
338,Najran,17.4924,44.1277,63.25,34,21,5.06,SA,2022-02-02 17:34:53
339,Port Blair,11.6667,92.75,78.84,78,20,3.44,IN,2022-02-02 17:34:54
340,Coleraine,55.1333,-6.6667,50.04,86,100,11.9,GB,2022-02-02 17:34:55
341,Haines Junction,60.7522,-137.5108,-7.65,84,100,3.44,CA,2022-02-02 17:34:55
342,San Policarpo,12.1791,125.5072,78.91,84,100,14.72,PH,2022-02-02 17:34:56
343,Santa Cruz,-17.8,-63.1667,91.45,55,40,11.5,BO,2022-02-02 17:34:56
344,Hobbs,32.7026,-103.136,33.89,60,75,13.8,US,2022-02-02 17:32:03
345,Gazli,40.1333,63.45,42.3,58,0,5.1,UZ,2022-02-02 17:30:57
346,Narsaq,60.9167,-46.05,7.02,67,1,5.95,GL,2022-02-02 17:34:57
347,Berlevag,70.8578,29.0864,19.2,86,40,8.05,NO,2022-02-02 17:34:57
348,Bose,45.4612,8.0137,57.96,52,0,5.48,IT,2022-02-02 17:34:58
349,Pokhvistnevo,53.6524,52.1274,30.02,97,100,13.4,RU,2022-02-02 17:34:58
350,Barmer,25.75,71.3833,72.28,31,0,13.78,IN,2022-02-02 17:34:59
351,Beloha,-25.1667,45.05,74.14,73,0,21.23,MG,2022-02-02 17:34:59
352,Honiara,-9.4333,159.95,78.21,87,100,5.12,SB,2022-02-02 17:32:40
353,Terrace,54.5163,-128.6035,25.43,93,100,9.22,CA,2022-02-02 17:35:00
354,Vostok,46.4856,135.8833,-4.7,99,100,3.69,RU,2022-02-02 17:34:45
355,Kandrian,-6.2167,149.55,77.63,87,100,12.46,PG,2022-02-02 17:35:01
356,Tazovskiy,67.4667,78.7,-17.01,99,65,7.43,RU,2022-02-02 17:35:01
357,Kachiry,53.0675,76.1036,-1.95,99,74,5.06,KZ,2022-02-02 17:35:02
358,Moose Factory,51.2585,-80.6094,-0.4,55,0,17.27,CA,2022-02-02 17:35:03
359,Annavasal,10.4667,78.7,74.79,71,5,5.26,IN,2022-02-02 17:35:03
360,Billings,45.7833,-108.5007,1.36,69,20,5.75,US,2022-02-02 17:33:05
361,Karakol,42.4907,78.3936,16.93,63,97,7.05,KG,2022-02-02 17:35:04
362,Hibbing,47.4272,-92.9377,-4.56,70,100,12.66,US,2022-02-02 17:35:04
363,Esil,51.9556,66.4042,13.12,89,97,7.23,KZ,2022-02-02 17:35:05
364,Shaowu,27.3409,117.4831,40.44,97,100,1.88,CN,2022-02-02 17:36:06
365,Aginskoye,51.1,114.53,-16.17,95,31,5.53,RU,2022-02-02 17:36:06
366,Cabedelo,-6.9811,-34.8339,88.47,64,77,13.04,BR,2022-02-02 17:36:06
367,Zhanaozen,43.3,52.8,39.99,80,18,9.53,KZ,2022-02-02 17:36:07
368,Khoy,38.5504,44.9535,22.24,80,8,5.66,IR,2022-02-02 17:36:07
369,Haimen,23.1935,116.6142,55.29,89,100,16.37,CN,2022-02-02 17:36:08
370,Havelock,34.8791,-76.9013,59.95,72,18,3.71,US,2022-02-02 17:36:08
371,Bemidji,47.4736,-94.8803,-2.81,65,0,8.05,US,2022-02-02 17:36:09
372,Zhigansk,66.7697,123.3711,-12.44,98,100,1.03,RU,2022-02-02 17:35:46
373,Dolores,-36.3132,-57.6792,90.66,35,7,10.2,AR,2022-02-02 17:36:10
374,Te Anau,-45.4167,167.7167,59.67,97,100,3.94,NZ,2022-02-02 17:36:10
375,Severobaykalsk,55.65,109.3167,-12.01,92,59,4.68,RU,2022-02-02 17:36:11
376,Estacion Coahuila,32.1939,-115.0017,57.96,11,0,22.5,MX,2022-02-02 17:36:11
377,Lively,46.4334,-81.1498,27.52,77,100,7.07,CA,2022-02-02 17:36:12
378,Hokitika,-42.7167,170.9667,66.49,99,100,15.64,NZ,2022-02-02 17:36:12
379,Korla,41.7597,86.1469,23.94,56,23,5.03,CN,2022-02-02 17:34:32
380,Lowestoft,52.4752,1.7516,51.22,90,99,9.95,GB,2022-02-02 17:36:13
381,Oksfjord,70.2396,22.3479,24.98,87,77,10.02,NO,2022-02-02 17:36:13
382,Rakhiv,48.0526,24.2009,28.89,97,99,2.04,UA,2022-02-02 17:36:14
383,La Palma,33.8464,-118.0467,62.76,44,0,1.01,US,2022-02-02 17:32:26
384,Veraval,20.9,70.3667,71.2,80,17,10.74,IN,2022-02-02 17:36:14
385,Isangel,-19.55,169.2667,76.39,89,87,0.4,VU,2022-02-02 17:36:15
386,Arenapolis,-14.4503,-56.8461,83.43,74,55,2.26,BR,2022-02-02 17:36:16
387,Wainwright,52.839,-110.8572,-25.69,95,74,8.28,CA,2022-02-02 17:34:56
388,Haicheng,40.8516,122.7475,9.19,85,1,2.53,CN,2022-02-02 17:36:16
389,Ulagan,50.6321,87.9563,-7.31,99,90,1.36,RU,2022-02-02 17:36:17
390,Kikwit,-5.041,18.8162,72.72,92,99,2.13,CD,2022-02-02 17:36:17
391,Avanigadda,16.0215,80.9181,69.78,75,21,5.75,IN,2022-02-02 17:36:18
392,Labuhan,-6.8844,112.2051,77.59,87,54,6.46,ID,2022-02-02 17:36:19
393,Lagos,6.5833,3.75,88.12,62,1,7.45,NG,2022-02-02 17:31:19
394,Tautira,-17.7333,-149.15,82.42,75,25,20.2,PF,2022-02-02 17:36:20
395,Saint Anthony,45.0205,-93.218,6.42,64,0,5.99,US,2022-02-02 17:36:20
396,Benjamin Hill,30.1667,-111.1,63.18,40,83,8.63,MX,2022-02-02 17:36:20
397,Kaeo,-35.1,173.7833,70.32,91,100,7.85,NZ,2022-02-02 17:36:21
398,Aasiaat,68.7098,-52.8699,-6.52,85,88,14.5,GL,2022-02-02 17:36:21
399,Broome,42.2506,-75.833,42.01,69,0,4.0,US,2022-02-02 17:36:22
400,Bengkulu,-3.8004,102.2655,76.5,86,94,4.56,ID,2022-02-02 17:36:22
401,Vestmanna,62.1564,-7.1664,38.32,93,75,4.61,FO,2022-02-02 17:36:23
402,Chikwawa,-16.0335,34.8009,77.14,88,6,3.11,MW,2022-02-02 17:36:23
403,Bambous Virieux,-20.3428,57.7575,81.21,94,75,34.52,MU,2022-02-02 17:36:24
404,Samana,19.2056,-69.3369,84.42,74,40,6.91,DO,2022-02-02 17:36:24
405,Shajapur,23.4333,76.2667,64.74,41,1,8.46,IN,2022-02-02 17:36:25
406,Geraldton,-28.7667,114.6,90.01,18,45,18.41,AU,2022-02-02 17:36:25
407,Naze,28.3667,129.4833,56.46,88,100,17.72,JP,2022-02-02 17:36:26
408,Bud,39.447,-86.1758,44.69,97,100,6.08,US,2022-02-02 17:36:27
409,Salmas,38.1973,44.7653,25.79,74,6,5.44,IR,2022-02-02 17:36:27
410,Stankov,49.5535,13.0698,39.15,79,63,13.51,CZ,2022-02-02 17:36:27
411,Sovetskiy,61.3614,63.5842,22.15,97,100,5.12,RU,2022-02-02 17:37:28
412,San Bartolome De Tirajana,27.9248,-15.5733,64.87,46,0,8.05,ES,2022-02-02 17:37:29
413,Vila Franca Do Campo,37.7167,-25.4333,64.2,74,20,11.03,PT,2022-02-02 17:37:29
414,Bairnsdale,-37.8333,147.6167,55.47,90,42,6.08,AU,2022-02-02 17:37:30
415,Maniitsoq,65.4167,-52.9,1.94,84,99,16.93,GL,2022-02-02 17:37:30
416,Coahuayana,18.7333,-103.6833,81.88,30,0,5.39,MX,2022-02-02 17:37:31
417,Praia Da Vitoria,38.7333,-27.0667,63.75,77,20,10.18,PT,2022-02-02 17:37:32
418,Dingle,10.9995,122.6711,73.26,95,94,7.65,PH,2022-02-02 17:37:32
419,Columbus,39.9612,-82.9988,41.97,92,100,1.99,US,2022-02-02 17:35:20
420,Kamennogorsk,60.9545,29.1339,12.83,97,90,2.57,RU,2022-02-02 17:37:33
421,Lorengau,-2.0226,147.2712,78.33,83,100,7.27,PG,2022-02-02 17:37:33
422,Del Rio,29.3627,-100.8968,60.42,91,100,6.91,US,2022-02-02 17:37:34
423,Abbeville,50.1,1.8333,49.5,95,86,7.96,FR,2022-02-02 17:37:34
424,Yinchuan,38.4681,106.2731,20.62,21,2,5.55,CN,2022-02-02 17:37:35
425,Cayenne,4.9333,-52.3333,80.64,86,100,10.0,GF,2022-02-02 17:37:35
426,Pensacola,30.4213,-87.2169,67.19,83,75,1.99,US,2022-02-02 17:36:23
427,Kahului,20.8947,-156.47,67.68,78,0,5.75,US,2022-02-02 17:33:45
428,Eyl,7.9803,49.8164,75.69,76,41,18.39,SO,2022-02-02 17:37:36
429,Tuatapere,-46.1333,167.6833,56.82,93,100,7.38,NZ,2022-02-02 17:37:37
430,Quatre Cocos,-20.2078,57.7625,81.09,95,100,37.4,MU,2022-02-02 17:37:37
431,Aswan,24.0934,32.907,67.3,34,0,9.22,EG,2022-02-02 17:37:38
432,Ambilobe,-13.2,49.05,74.08,94,100,1.14,MG,2022-02-02 17:37:38
433,Inzer,54.2167,57.5556,25.07,90,99,7.2,RU,2022-02-02 17:37:39
434,Raga,8.4596,25.678,80.2,20,55,5.1,SS,2022-02-02 17:37:39
435,Namatanai,-3.6667,152.4333,77.94,83,100,5.32,PG,2022-02-02 17:37:40
436,Manzhouli,49.6,117.4333,-15.41,95,43,6.29,CN,2022-02-02 17:37:40
437,Ormara,25.2088,64.6357,70.29,36,0,29.15,PK,2022-02-02 17:37:41
438,Kilindoni,-7.9139,39.6668,81.72,79,75,12.75,TZ,2022-02-02 17:37:41
439,Myitkyina,25.3833,97.4,51.35,91,13,3.69,MM,2022-02-02 17:37:42
440,Asau,46.4333,26.4,32.92,88,97,6.24,RO,2022-02-02 17:37:42
441,Una,20.8167,71.0333,68.61,69,10,10.0,IN,2022-02-02 17:37:43
442,Jalu,29.0331,21.5482,55.63,45,38,11.5,LY,2022-02-02 17:37:43
443,Shakawe,-18.3667,21.85,73.38,72,46,2.13,BW,2022-02-02 17:37:44
444,Antsohihy,-14.8796,47.9875,77.05,86,100,4.65,MG,2022-02-02 17:37:45
445,Lubao,14.9167,120.55,78.82,79,57,5.59,PH,2022-02-02 17:37:45
446,Auriflama,-20.6856,-50.5547,73.71,89,100,3.74,BR,2022-02-02 17:37:46
447,Vao,-22.6667,167.4833,77.76,82,58,16.84,NC,2022-02-02 17:37:46
448,Ostrovskoye,57.8057,42.2433,18.34,95,100,7.0,RU,2022-02-02 17:37:47
449,Pulandian,39.3953,121.9669,14.13,73,0,2.84,CN,2022-02-02 17:37:48
450,Condega,13.365,-86.3985,81.79,26,10,7.27,NI,2022-02-02 17:37:48
451,Markova,48.6758,24.4138,35.19,86,98,6.6,UA,2022-02-02 17:37:48
452,Kirakira,-10.4544,161.9205,79.39,83,97,5.48,SB,2022-02-02 17:37:49
453,Taseyevo,57.2169,94.8978,0.45,98,100,2.06,RU,2022-02-02 17:37:50
454,Wilmington,34.2257,-77.9447,57.9,59,100,4.61,US,2022-02-02 17:33:52
455,Rosetta,31.4044,30.4164,60.62,51,100,10.85,EG,2022-02-02 17:37:50
456,Leningradskiy,69.3833,178.4167,-11.81,94,34,10.67,RU,2022-02-02 17:37:51
457,Launceston,-41.45,147.1667,52.81,76,40,5.75,AU,2022-02-02 17:37:16
458,Esmeralda,21.8525,-78.1169,83.44,56,46,13.58,CU,2022-02-02 17:38:52
459,Fukue,32.6881,128.8419,46.11,52,99,15.5,JP,2022-02-02 17:38:52
460,Marsh Harbour,26.5412,-77.0636,72.21,54,27,17.2,BS,2022-02-02 17:38:53
461,Sapa,5.1544,120.3241,78.82,82,97,5.08,PH,2022-02-02 17:38:53
462,Maragogi,-9.0122,-35.2225,84.25,63,26,10.89,BR,2022-02-02 17:38:54
463,Margate,51.3813,1.3862,51.04,78,95,10.2,GB,2022-02-02 17:38:54
464,Escanaba,45.7453,-87.0646,17.96,62,40,8.05,US,2022-02-02 17:35:44
465,Sitka,57.0531,-135.33,33.69,86,90,4.61,US,2022-02-02 17:38:55
466,Rio Gallegos,-51.6226,-69.2181,60.85,48,40,14.97,AR,2022-02-02 17:38:55
467,Ozernovskiy,51.5,156.5167,25.92,79,93,6.22,RU,2022-02-02 17:38:56
468,Gouyave,12.1646,-61.7296,83.17,74,40,23.02,GD,2022-02-02 17:38:56
469,Okhotsk,59.3833,143.3,4.86,74,100,18.34,RU,2022-02-02 17:38:57
470,Coruripe,-10.1256,-36.1756,85.95,57,9,14.41,BR,2022-02-02 17:38:58
471,Grenada,37.1882,-3.6067,68.36,23,0,0.0,ES,2022-02-02 17:38:58
472,Atoyac,20.0167,-103.5333,68.36,20,0,5.37,MX,2022-02-02 17:38:59
473,Kamenka,51.3223,42.7678,32.76,99,100,7.02,RU,2022-02-02 17:38:59
474,Bend,44.0582,-121.3153,33.48,75,0,1.99,US,2022-02-02 17:34:35
475,Kabwe,-14.4469,28.4464,67.35,95,38,2.91,ZM,2022-02-02 17:39:00
476,Batemans Bay,-35.7167,150.1833,58.91,71,86,8.28,AU,2022-02-02 17:39:01
477,Chikhli,20.35,76.25,71.19,29,26,2.3,IN,2022-02-02 17:39:01
478,Port Hawkesbury,45.6169,-61.3485,32.04,72,40,8.01,CA,2022-02-02 17:34:50
479,Leuna,51.3167,12.0167,42.26,71,77,1.99,DE,2022-02-02 17:39:02
480,Salihli,38.4826,28.1477,54.12,88,100,7.58,TR,2022-02-02 17:39:02
481,Havoysund,70.9963,24.6622,23.23,83,45,11.97,NO,2022-02-02 17:39:03
482,Chapais,49.7834,-74.8492,24.58,83,100,10.85,CA,2022-02-02 17:39:04
483,Peleduy,59.6289,112.7406,-10.68,100,100,2.86,RU,2022-02-02 17:39:04
484,Zyryanka,65.75,150.85,-26.46,100,32,0.51,RU,2022-02-02 17:39:05
485,Zapolyarnyy,69.4154,30.8136,-1.12,97,100,3.27,RU,2022-02-02 17:39:05
486,Amberley,39.2048,-84.428,44.06,90,90,5.01,US,2022-02-02 17:39:06
487,Bom Jesus,-9.0744,-44.3586,83.89,63,34,3.22,BR,2022-02-02 17:39:06
488,Kenai,60.5544,-151.2583,17.65,93,100,3.44,US,2022-02-02 17:35:21
489,Lianyuan,27.6883,111.6642,32.7,95,92,2.75,CN,2022-02-02 17:39:07
490,West Bay,19.3667,-81.4167,84.27,76,40,3.0,KY,2022-02-02 17:39:08
491,Seymchan,62.8833,152.4333,-20.99,97,93,1.9,RU,2022-02-02 17:39:09
492,Coihaique,-45.5752,-72.0662,67.95,45,40,6.91,CL,2022-02-02 17:39:09
493,Acari,-15.4311,-74.6158,82.04,56,13,12.35,PE,2022-02-02 17:39:10
494,San Carlos De Bariloche,-41.1456,-71.3082,73.15,38,75,14.97,AR,2022-02-02 17:39:10
495,San Ramon De La Nueva Oran,-23.1322,-64.326,99.43,30,68,5.64,AR,2022-02-02 17:39:11
496,Harper,4.375,-7.7169,82.0,72,79,9.64,LR,2022-02-02 17:39:12
497,Chipinge,-20.1883,32.6236,67.42,87,31,4.7,ZW,2022-02-02 17:39:12
498,Emerald,-23.5333,148.1667,75.34,100,100,6.91,AU,2022-02-02 17:39:13
499,Palu,-0.8917,119.8707,74.71,90,100,2.48,ID,2022-02-02 17:39:14
500,Lethem,3.3803,-59.7968,94.26,36,80,11.14,GY,2022-02-02 17:39:14
501,Westport,41.1415,-73.3579,46.72,85,100,1.01,US,2022-02-02 17:39:15
502,Matara,5.9485,80.5353,74.66,79,36,9.75,LK,2022-02-02 17:39:15
503,Naberera,-4.2,36.9333,66.36,81,94,6.64,TZ,2022-02-02 17:39:16
504,Tacuati,-23.45,-56.5833,101.01,26,9,5.59,PY,2022-02-02 17:39:16
505,Montgomery,39.1501,-77.1997,45.97,79,20,3.0,US,2022-02-02 17:35:44
506,Yantal,56.8471,105.2542,-10.82,100,86,2.42,RU,2022-02-02 17:40:17
507,Luang Prabang,19.8856,102.1347,64.9,89,10,1.83,LA,2022-02-02 17:40:18
508,Kyakhta,50.3508,106.4494,-5.84,95,99,4.14,RU,2022-02-02 17:40:18
509,Lithgow,-33.4833,150.15,55.08,97,100,2.71,AU,2022-02-02 17:40:19
510,Nemuro,43.3236,145.575,21.9,78,18,11.01,JP,2022-02-02 17:40:19
511,Kupang,-10.1667,123.5833,78.42,81,56,7.94,ID,2022-02-02 17:40:20
512,Williston,48.147,-103.618,0.91,72,50,5.01,US,2022-02-02 17:39:14
513,Bandarban,22.1965,92.2262,56.37,84,0,2.35,BD,2022-02-02 17:40:21
514,The Valley,18.217,-63.0578,84.06,74,40,12.66,AI,2022-02-02 17:40:21
515,Dzilam Gonzalez,21.2833,-88.9333,86.2,47,7,8.95,MX,2022-02-02 17:40:22
516,Alvdal,62.1077,10.6307,10.24,94,60,2.59,NO,2022-02-02 17:40:22
517,Porteirinha,-15.7433,-43.0283,86.25,54,66,2.55,BR,2022-02-02 17:40:23
518,Olinda,-8.0089,-34.8553,85.73,66,40,10.36,BR,2022-02-02 17:40:23
519,Camana,-16.6228,-72.7111,75.22,71,59,10.76,PE,2022-02-02 17:40:24
520,Ostrovnoy,68.0531,39.5131,20.89,86,100,15.64,RU,2022-02-02 17:40:25
521,Ayan,56.45,138.1667,-1.17,66,100,14.76,RU,2022-02-02 17:40:25
522,Cidreira,-30.1811,-50.2056,79.23,73,2,14.81,BR,2022-02-02 17:40:26
523,Ngaoundere,7.3167,13.5833,73.02,22,28,4.52,CM,2022-02-02 17:40:26
524,Sao Felix Do Xingu,-6.6447,-51.995,89.71,51,61,3.15,BR,2022-02-02 17:40:27
525,Tecoanapa,16.5167,-98.75,80.96,60,34,9.4,MX,2022-02-02 17:40:27
526,Vanimo,-2.6741,141.3028,77.07,85,99,2.37,PG,2022-02-02 17:40:28
527,Svetlyy,54.675,20.1347,30.96,77,100,14.47,RU,2022-02-02 17:40:28
528,Apatity,67.5641,33.4031,8.82,95,96,3.06,RU,2022-02-02 17:40:29
529,Noyabrsk,63.1994,75.4507,3.99,97,61,13.33,RU,2022-02-02 17:40:29
530,Yar-Sale,66.8333,70.8333,-7.46,92,97,11.01,RU,2022-02-02 17:40:30
531,Santa Isabel Do Rio Negro,-0.4139,-65.0192,89.62,55,52,4.94,BR,2022-02-02 17:40:30
532,Sonamukhi,23.3,87.4167,67.21,41,2,4.09,IN,2022-02-02 17:40:30
533,Ghanzi,-21.5667,21.7833,77.9,56,88,7.18,BW,2022-02-02 17:40:31
534,Masvingo,-20.0637,30.8277,76.12,61,92,4.36,ZW,2022-02-02 17:40:31
535,Impfondo,1.6381,18.0667,78.46,28,59,2.1,CG,2022-02-02 17:40:32
536,Natal,-5.795,-35.2094,88.45,62,20,17.27,BR,2022-02-02 17:40:32
537,Anadyr,64.75,177.4833,4.93,63,0,15.23,RU,2022-02-02 17:40:33
538,Kathmandu,27.7167,85.3167,46.62,87,75,2.3,NP,2022-02-02 17:38:48
539,Oktyabrskoye,43.0645,44.7417,30.34,92,78,4.47,RU,2022-02-02 17:40:33
540,Culebra,18.303,-65.301,85.66,75,3,13.58,PR,2022-02-02 17:40:34
541,Dublin,37.7021,-121.9358,57.09,28,1,11.99,US,2022-02-02 17:40:35
542,Biltine,14.5333,20.9167,71.71,13,11,9.42,TD,2022-02-02 17:40:35
543,Gat,31.61,34.7642,56.8,11,100,5.5,IL,2022-02-02 17:40:36
544,Asuncion,-25.3007,-57.6359,99.9,30,75,13.8,PY,2022-02-02 17:40:36
545,Teguldet,57.3064,88.1667,9.63,99,98,3.02,RU,2022-02-02 17:40:37
546,Bridlington,54.0831,-0.1919,51.3,90,100,15.61,GB,2022-02-02 17:40:37
547,Tucumcari,35.1717,-103.725,19.94,79,90,18.41,US,2022-02-02 17:40:38
548,Lokosovo,61.1333,74.8167,20.84,91,100,10.33,RU,2022-02-02 17:40:38
549,Boqueirao,-7.5,-36.1333,89.15,20,19,7.61,BR,2022-02-02 17:40:39
550,Palmer,42.1584,-72.3287,45.03,70,100,5.21,US,2022-02-02 17:40:39
551,Vestmannaeyjar,63.4427,-20.2734,34.79,80,75,13.8,IS,2022-02-02 17:39:45
552,Esperance,-33.8667,121.9,57.04,72,0,13.31,AU,2022-02-02 17:41:40
553,Birjand,32.8663,59.2211,36.07,80,0,4.61,IR,2022-02-02 17:41:41
554,Urengoy,65.9667,78.3667,-16.71,99,87,7.45,RU,2022-02-02 17:41:41
555,Causapscal,48.3542,-67.227,29.64,91,100,12.91,CA,2022-02-02 17:41:42
556,Zelenogorskiy,55.0333,87.0,14.52,100,91,2.37,RU,2022-02-02 17:41:42
557,Padang,-0.9492,100.3543,77.88,87,88,4.32,ID,2022-02-02 17:41:43
558,Tangi,34.3006,71.6536,51.8,50,100,5.08,PK,2022-02-02 17:41:43
559,Shitanjing,39.2342,106.3439,15.6,24,5,5.91,CN,2022-02-02 17:41:44
560,Kalulushi,-12.8378,28.0919,65.7,94,83,1.57,ZM,2022-02-02 17:41:45
561,Walvis Bay,-22.9575,14.5053,74.35,56,0,13.8,NA,2022-02-02 17:41:45
562,Port Hedland,-20.3167,118.5667,78.85,94,100,5.75,AU,2022-02-02 17:41:46
563,Jeremie,18.65,-74.1167,80.92,67,13,5.55,HT,2022-02-02 17:41:46
564,Potosi,-19.5836,-65.7531,52.66,66,40,11.5,BO,2022-02-02 17:39:29
565,Shenzhen,22.5455,114.0683,58.14,97,100,5.17,CN,2022-02-02 17:40:20
566,Bestobe,52.4994,73.0975,7.5,91,100,5.55,KZ,2022-02-02 17:41:47
567,Solnechnyy,50.7214,136.6319,-8.48,98,79,2.8,RU,2022-02-02 17:41:48
568,Luau,-10.7073,22.2247,66.76,96,89,3.44,AO,2022-02-02 17:38:41
569,Linguere,15.3953,-15.1193,98.82,19,0,16.11,SN,2022-02-02 17:41:49
570,Bundaberg,-24.85,152.35,75.49,95,100,1.01,AU,2022-02-02 17:41:49
571,Dwarka,22.2394,68.9678,73.29,78,1,14.5,IN,2022-02-02 17:41:50
572,Mufumbwe,-13.6833,24.8,67.14,93,98,2.28,ZM,2022-02-02 17:41:50
573,Yeppoon,-23.1333,150.7333,74.98,82,100,1.63,AU,2022-02-02 17:41:51
574,Erdenet,49.0333,104.0833,-8.12,90,16,4.72,MN,2022-02-02 17:41:51
575,Kamaishi,39.2667,141.8833,30.87,59,41,9.35,JP,2022-02-02 17:41:52
576,Kermanshah,34.3142,47.065,34.7,63,0,0.0,IR,2022-02-02 17:41:53
577,Mapiripan,2.8892,-72.1256,99.05,24,54,8.05,CO,2022-02-02 17:41:53
578,Halmstad,56.6745,12.8568,34.9,91,75,3.44,SE,2022-02-02 17:41:54
579,Beira,-19.8436,34.8389,82.49,78,20,9.22,MZ,2022-02-02 17:41:54
580,Cooma,-36.2333,149.1333,47.97,87,100,8.05,AU,2022-02-02 17:41:55
581,Banepa,27.6298,85.5214,44.92,87,75,2.3,NP,2022-02-02 17:41:56
582,Bon Air,37.5249,-77.5578,51.67,65,0,1.99,US,2022-02-02 17:41:56
